{"cameraMode":{"drawMode":0,"name":"Shaded","section":"Shading Mode"},"sceneLighting":true,"audioPlay":false,"sceneViewState":{"showFog":false,"showMaterialUpdate":false,"showSkybox":false,"showFlares":false,"showImageEffects":false,"showParticleSystems":false},"in2DMode":false,"pivot":{"x":483.74365234375,"y":334.3648986816406,"z":-613.1588134765625},"rotation":{"x":0.03779438138008118,"y":0.017981378361582757,"z":-0.0006801638519391418,"w":0.9991235136985779},"size":831.7971801757813,"orthographic":false}